allocation_digest,evidence_role,hessian_cost,natural_file_bytes,proxy_rank,selected_by_validation,strategy,validation_nll,validation_nll_delta,validation_perplexity,validation_tokens
dense,allocation_validation_baseline,0.0,0,0,False,dense_validation,1.930504926546352,0.0,6.8929898165846,254
3ebb69738a711a585d6fda7d0cf6ceddffa12697d4ab0911b370de3799490aab,allocation_validation_candidate,3.3251988887786865,13506942,1,False,Q+S_OBS_global,1.9290056604100025,-0.0014992661363495419,6.882663133531852,254
cfae720c33b4866fd1c98199b748c98e9fa680b5d4858c9a6efa6157903d95bd,allocation_validation_candidate,3.395463705062866,13415526,2,True,Q+S_OBS_global,1.9284119493379368,-0.002092977208415281,6.878578033028872,254
9a09519951ff1ea8072259c61e4b15feb3f5df9090055aad41f453389e7ac551,allocation_validation_candidate,2.322669506072998,13506496,1,True,Q+L_global,1.929843151663232,-0.0006617748831201364,6.8884297181001255,254
3d4259c9a48088bbd58829756d5d27b5896668c0220d21ec6f93fcdbaaf8cc36,allocation_validation_candidate,3.5501646995544434,12462016,2,False,Q+L_global,1.9300111785648375,-0.0004937479815145807,6.889587256848687,254
6317fba984a03bcac83e7b0330a3cef0258858c7620bfb0c3b0f7ee0707eece2,allocation_validation_candidate,2.322669506072998,13506496,1,True,Q+S+L_QL_budget,1.929843151663232,-0.0006617748831201364,6.8884297181001255,254
d9edae6fe0ec6a6429b441e9a5a0f5e439ea0bd4d1f64074a6ac0ccd0e19c98a,allocation_validation_candidate,2.322669506072998,13506496,2,False,Q+S+L_QL_budget,1.929843151663232,-0.0006617748831201364,6.8884297181001255,254
6317fba984a03bcac83e7b0330a3cef0258858c7620bfb0c3b0f7ee0707eece2,allocation_validation_candidate,2.322669506072998,13506496,1,True,Q+S_OBS_or_L_global,1.929843151663232,-0.0006617748831201364,6.8884297181001255,254
