allocation_digest,evidence_role,hessian_cost,natural_file_bytes,proxy_rank,selected_by_validation,strategy,validation_nll,validation_nll_delta,validation_perplexity,validation_tokens
dense,allocation_validation_baseline,0.0,0,0,False,dense_validation,4.212843125866305,0.0,67.54831542263511,62
d073dad48584f41eb83f8da54346a95025f2f83604808f2aea0db1249db33f28,allocation_validation_candidate,1.0217571258544922,615684,1,True,Q+S_OBS_global,4.236273242581275,0.02343011671496953,69.14966700693736,62
5cc5e86ffd05b4e6d87a59dfbe103445253409416c2960174e3c16f7d9687957,allocation_validation_candidate,1.0236270427703857,615358,2,False,Q+S_OBS_global,4.294141461772304,0.08129833590599844,73.26928295401225,62
8eccc9cf600424977e90d26ddec55381f5b1cd9f960b6fb8501b1a346ae4e89a,allocation_validation_candidate,0.7743474245071411,627712,1,True,Q+L_global,4.237091802781628,0.024248676915322953,69.20629334508847,62
566a4004a561c8fc92c2f5a00be6434127ee534262c65e83442904d5400d3842,allocation_validation_candidate,0.8449200391769409,600064,2,False,Q+L_global,4.260076707409274,0.04723358154296875,70.81541531298733,62
7f00f1e0e512a34ce5fb6391ebef1a877c8aa202cdb635e36b5df350469b94e2,allocation_validation_candidate,0.7743474245071411,627712,1,True,Q+S+L_QL_budget,4.237091802781628,0.024248676915322953,69.20629334508847,62
7f802cdd1ad554f874d358ba6ad96bac1b56137a0b7bdf1be1407016cf99c0d2,allocation_validation_candidate,0.7743474245071411,627712,2,False,Q+S+L_QL_budget,4.237091802781628,0.024248676915322953,69.20629334508847,62
30d6a98f22d91536b9b4d6eb72a38db0dd06359ced4f0c135ad2e05122028bdd,allocation_validation_candidate,0.7743474245071411,627712,1,True,Q+S_OBS_or_L_global,4.237091802781628,0.024248676915322953,69.20629334508847,62
