activation_rows,input_dim,layer,layer_short,mean_diag,trace
1024,2048,gpt_neox.layers.0.mlp.dense_4h_to_h,L0:dense_4h_to_h,0.022965475916862488,47.033302307128906
1024,512,gpt_neox.layers.0.mlp.dense_h_to_4h,L0:dense_h_to_4h,0.9327987432479858,477.59295654296875
1024,2048,gpt_neox.layers.3.mlp.dense_4h_to_h,L3:dense_4h_to_h,0.09412354975938797,192.76502990722656
1024,512,gpt_neox.layers.3.mlp.dense_h_to_4h,L3:dense_h_to_4h,1.3353136777877808,683.6805419921875
1024,2048,gpt_neox.layers.5.mlp.dense_4h_to_h,L5:dense_4h_to_h,0.4523267149925232,926.3651123046875
1024,512,gpt_neox.layers.5.mlp.dense_h_to_4h,L5:dense_h_to_4h,1.9790927171707153,1013.2955322265625
