abs_additivity_error,abs_parameter_cosine,abs_rho_h,activation_reconstruction_sum,additivity_error,frobenius_delta_sum,hessian_cross_cost,layer,layer_short,loss_degradation_pair,loss_left,loss_pair,loss_right,pair,pair_evaluation,parameter_cosine,ppl_degradation_pair,ppl_pair,rho_h,self_cost_left,self_cost_right,taylor_predicted_loss_delta,trace_only_cost,zero_shot_accuracy_degradation_pair,zero_shot_pair
1.6376457684115202,0.00024082138857569655,0.0058552412957671406,0.44743239879608154,-1.6376457684115202,4.605334997177124,0.0012727169087156653,gpt_neox.layers.0.attention.dense,L0:dense,-0.02961598794291387,4.3182368240957185,4.262424258735236,4.312289500799705,qs,linearized_delta_sum,0.00024082138857569655,-2.133636643621216,70.98185341966624,0.0058552412957671406,0.0853913277387619,0.13832487165927887,0.22498891630675644,0.411422563704015,-0.06,0.34
0.6026323785563168,0.0010480348286574545,0.0037094501295867133,0.1707937338096599,0.6026323785563168,4.198217153549194,-5.102330760564655e-06,gpt_neox.layers.0.attention.dense,L0:dense,0.04816058301550186,4.3182368240957185,4.340200829693652,4.295894592765748,qr,linearized_delta_sum,-0.0010480348286574545,3.607455973643738,76.72294603693119,-0.0037094501295867133,0.0853913277387619,5.539166068047052e-06,0.08539176457406938,0.3302264560474182,-0.02999999999999997,0.31
0.8217091358274805,0.13300358475876883,0.06150147271005563,0.27666082165069383,-0.8217091358274805,5.6551618576049805,-0.00010766829655040056,gpt_neox.layers.0.attention.dense,L0:dense,0.004297451710137068,4.312289500799705,4.296337698388287,4.295894592765748,sr,linearized_delta_sum,0.13300358475876883,0.3148864077633249,73.43037647105078,-0.06150147271005563,0.13832487165927887,5.539166068047052e-06,0.13822274252879652,0.5668588497909592,-0.009999999999999953,0.29
