abs_first_spectral_entropy_delta,abs_first_stable_rank_delta,abs_first_top1_energy_delta,abs_loss_gap,abs_non_r_first_conditional_hessian_overlap,abs_ppl_gap,abs_r_first_conditional_hessian_overlap,base_spectral_entropy,final_weight_disagreement,layer,layer_short,left_conditional_hessian_overlap,left_first_spectral_entropy,left_order,loss_degradation_left,loss_degradation_right,loss_gap_left_minus_right,loss_left,loss_right,max_abs_conditional_hessian_overlap,mean_abs_conditional_hessian_overlap,non_r_first_conditional_hessian_overlap,ppl_left,ppl_right,r_first_conditional_hessian_overlap,right_conditional_hessian_overlap,right_first_spectral_entropy,right_order
0.2029108382545708,0.7784063839376216,0.0036803375940291233,0.017372431717519454,0.029816210019210476,1.2860111962113336,0.006723212360016086,5.27805792576682,0.21669291629797005,gpt_neox.layers.0.attention.dense,L0:dense,-0.006723212360016086,5.086463115403559,rq,0.0210494394377454,0.0036770077202259444,0.017372431717519454,4.313089686115895,4.295717254398376,0.029816210019210476,0.01826971118961328,0.029816210019210476,74.67084236212021,73.38483116590888,-0.006723212360016086,0.029816210019210476,5.28937395365813,qr
0.1776377932099269,0.19199420004204448,0.0009708248645470957,0.011412613035187036,0.00868911796238655,0.8465098034170495,0.06941255427466463,5.27805792576682,0.26883057759506607,gpt_neox.layers.0.attention.dense,L0:dense,-0.06941255427466463,5.086463115403559,rs,0.020063265102115757,0.008650652066928721,0.011412613035187036,4.312103511780266,4.300690898745079,0.06941255427466463,0.03905083611852559,-0.00868911796238655,74.59724019201353,73.75073038859648,-0.06941255427466463,-0.00868911796238655,5.264100908613486,sr
