metric,value
loss,0.00045789442568396527
perplexity,1.0004579992753393
accuracy,1.0
examples,3072.0
