metric,value
loss,0.00045728389501644524
perplexity,1.0004573884652357
accuracy,1.0
examples,6544
